,English,Translations,Cross-lingual
One Shot,61.23644840056936,43.520532200954555,29.966869972901993
OS Masked,33.38564170607514,12.672608179574127,6.200897315108648
OS Non NE,37.874361536064086,18.97066140098863,8.28024545795844
Zero Shot,63.87664127344184,36.201278093089904,20.363724830164838
ZS Masked,34.58234627665053,9.203972347447474,3.9107383844225954
ZS Non NE,39.660331168771485,15.145777709297176,6.033724716178498
