,en,es,tr,vi,st,yo,tn,ty,mai,mg
Llama-3.1-8B-Instruct-quantized.w8a16,2.11145703611457,1.4606705351386202,1.1850376667006006,0.9448899324630319,0.38327721661055,0.2839506172839506,0.17015181050268768,0.3400673400673401,0.10288065843621398,0.8542517372304608
