Experiment,en,trans,xling,en_shuffled,trans_shuffled,xling_shuffled
one-shot,1.433982683982684,0.0,0.0,0.7756132756132756,0.0,0.0
zero-shot,1.397907647907648,0.0,0.0,0.6764069264069265,0.0,0.0
