Experiment,en,trans,xling,en_shuffled,trans_shuffled,xling_shuffled
one-shot,15.577761996550676,6.315308917520544,1.7922965067126577,4.621081464948768,2.108484664028947,0.9248926312941733
zero-shot,13.949477528659836,4.1189002739170135,1.1387846200669576,3.591356396469514,1.560650637448852,0.6222312400662812
