Experiment,en,trans,xling,en_shuffled,trans_shuffled,xling_shuffled
one-shot,15.002433090024331,6.105433901054339,1.7922965067126577,4.467153284671533,2.076236820762368,0.9248926312941733
zero-shot,13.474452554744525,4.009732360097324,1.1387846200669576,3.5036496350364965,1.5312246553122466,0.6222312400662812
