Experiment,en,trans,xling,en_shuffled,trans_shuffled,xling_shuffled
one-shot,10.2471711233327,6.105433901054339,1.7922965067126577,3.1733990770592326,2.076236820762368,0.9248926312941733
zero-shot,8.830635419183377,3.741373047584453,1.059562016235605,2.512801062014034,1.5312246553122466,0.6222312400662812
