,English,Translations,Cross-lingual
One Shot,47.5741087518409,37.733984112255044,23.144703995767824
OS Masked,18.08795177990224,6.009981590476946,3.3972326154559505
OS Non NE,21.899429478895797,12.641207150414933,5.254777216406222
Zero Shot,45.705889745958274,28.755016620687677,13.996759741440592
ZS Masked,17.23032555044091,3.797296190951563,1.702766837911504
ZS Non NE,20.97121411018762,9.306316683629406,3.4370148994686573
